config/default.yaml	6ba314f942e65db41c2986b9f8a2d6b63102bd6215c59a2e7bc81745d1240042
config/production.yaml.example	cf363b99e2bfa2c5a51cccdbd45a99a24a165b511607075544805a5b92f498a5
dist/core/helpers/youtube-dl/youtube-dl-cli.js	83974555281e474766d7b56b5dda6e2ad49ad1983bc058ba6949c0e8d63561d5
dist/core/helpers/youtube-dl/youtube-dl-cli.js.map	d59482754eeca8e9437c165d5180ef9c1b7b0b56c671bf726a887eb3ecbd5f5b
dist/core/initializers/checker-before-init.js	4abfa1ba721999a23b9cc2e84aefc671de17fc76d848d15207f0127d5a460de3
dist/core/initializers/checker-before-init.js.map	32dd74460b877b8e34d244a583e24a5542583000a40e59686a86663ebf9457a9
dist/core/initializers/config.js	661c6d79b49c3096b4d71fbb0c1923814681fbc991467149054864d6ed277362
dist/core/initializers/config.js.map	42fce456cff66daba1e97b4a936b7d982e18dbdaaf5b46bed926d767e3b2b9b7
dist/server.js	635fdef66a4fffc54bfcacc8c6a60d8b4075c8cbe8b48e400963b0e95217042b
dist/server.js.map	d0472379795132a9f1dd7fb95e153672ecccef227a5b5723222e083807ef3ddf
