config/default.yaml	d69b220c025cb679bc5ec899b6fec576ab6e35024b178f82781639c3e5474e92
config/production.yaml.example	24fcb3d205d4a74b0013332d93f970aed9106f75833b25c13afb844f8b631bc2
dist/core/helpers/youtube-dl/youtube-dl-cli.js	c741c1f83e408a47a29ac59910e3077b9c950d1c9456511a31b5fb750d84d9ff
dist/core/helpers/youtube-dl/youtube-dl-cli.js.map	5429f7e5cfbab5931d17109c1147bb43379d49b88f0ca594b9aaeb233da1a148
dist/core/initializers/checker-before-init.js	e393c463106cec4ad2aa40a5275e9f3cc9edc4e34cbacf04fc0baa399db2734e
dist/core/initializers/checker-before-init.js.map	fc7d67ccb982ecb23e5fb41b33864048442a3c2018d850e08806e8b52b8588b3
dist/core/initializers/config.js	ae5c8a3f386171bd34188c8a7908f8cbcdcd60111252fa632416621813951d5c
dist/core/initializers/config.js.map	afaf7f3d2742d39a2b7c8d9ee7c2cfd8032f1ade7c9522d735d59fbc003e84a4
dist/server.js	7198f40ed23addc65e52b9ec4ae289653ee008d7ea16c39d872342b212af0109
dist/server.js.map	21363661fd8d31bd10c38fcd470ec47d7efabfddf5e0c042e572ae7fbd8f618a
